{"DocumentConnection":{"type":"DocumentConnection","resolveType":"multiCollectionDocumentList","collections":["page","post"]},"Node":{"type":"Node","resolveType":"nodeDocument"},"DocumentNode":{"type":"DocumentNode","resolveType":"multiCollectionDocument","createDocument":"create","updateDocument":"update"},"Page":{"type":"Page","resolveType":"collectionDocument","collection":"page","createPage":"create","updatePage":"update"},"PageConnection":{"type":"PageConnection","resolveType":"collectionDocumentList","collection":"page"},"Post":{"type":"Post","resolveType":"collectionDocument","collection":"post","createPost":"create","updatePost":"update"},"PostConnection":{"type":"PostConnection","resolveType":"collectionDocumentList","collection":"post"}}