{"version":{"fullVersion":"1.5.7","major":"1","minor":"5","patch":"7"},"meta":{"flags":["experimentalData"]},"collections":[{"name":"post","label":"Blog Posts","path":"content/posts","format":"mdx","fields":[{"type":"string","name":"title","label":"Title","isTitle":true,"required":true,"namespace":["post","title"],"searchable":true,"uid":false},{"type":"datetime","name":"date","label":"Date","required":true,"namespace":["post","date"],"searchable":true,"uid":false},{"type":"rich-text","name":"body","label":"Body","isBody":true,"namespace":["post","body"],"searchable":true,"parser":{"type":"mdx"},"uid":false},{"type":"string","name":"author","label":"Author","namespace":["post","author"],"searchable":true,"uid":false},{"type":"string","name":"category","label":"Category","options":["Cybersecurity","Cloud Services","Digital Marketing"],"namespace":["post","category"],"searchable":true,"uid":false}],"namespace":["post"]},{"name":"page","label":"Pages","path":"content/pages","format":"mdx","fields":[{"type":"string","name":"title","label":"Title","isTitle":true,"required":true,"namespace":["page","title"],"searchable":true,"uid":false},{"type":"object","name":"hero","label":"Hero Section","fields":[{"type":"string","name":"heading","label":"Heading","namespace":["page","hero","heading"],"searchable":true,"uid":false},{"type":"string","name":"subheading","label":"Subheading","namespace":["page","hero","subheading"],"searchable":true,"uid":false}],"namespace":["page","hero"],"searchable":true,"uid":false},{"type":"object","list":true,"name":"features","label":"Features","fields":[{"type":"string","name":"title","label":"Title","namespace":["page","features","title"],"searchable":true,"uid":false},{"type":"string","name":"description","label":"Description","namespace":["page","features","description"],"searchable":true,"uid":false}],"namespace":["page","features"],"searchable":true,"uid":false}],"namespace":["page"]}],"config":{"media":{"tina":{"publicFolder":"public","mediaRoot":"uploads"}}}}